-- MySQL dump 10.13  Distrib 8.0.26, for macos10.15 (x86_64)
--
-- Host: localhost    Database: bookshop
-- ------------------------------------------------------
-- Server version	8.0.23

/*!40101 SET @OLD_CHARACTER_SET_CLIENT=@@CHARACTER_SET_CLIENT */;
/*!40101 SET @OLD_CHARACTER_SET_RESULTS=@@CHARACTER_SET_RESULTS */;
/*!40101 SET @OLD_COLLATION_CONNECTION=@@COLLATION_CONNECTION */;
/*!50503 SET NAMES utf8mb4 */;
/*!40103 SET @OLD_TIME_ZONE=@@TIME_ZONE */;
/*!40103 SET TIME_ZONE='+00:00' */;
/*!40014 SET @OLD_UNIQUE_CHECKS=@@UNIQUE_CHECKS, UNIQUE_CHECKS=0 */;
/*!40014 SET @OLD_FOREIGN_KEY_CHECKS=@@FOREIGN_KEY_CHECKS, FOREIGN_KEY_CHECKS=0 */;
/*!40101 SET @OLD_SQL_MODE=@@SQL_MODE, SQL_MODE='NO_AUTO_VALUE_ON_ZERO' */;
/*!40111 SET @OLD_SQL_NOTES=@@SQL_NOTES, SQL_NOTES=0 */;

--
-- Table structure for table `accounts_account`
--

DROP TABLE IF EXISTS `accounts_account`;
/*!40101 SET @saved_cs_client     = @@character_set_client */;
/*!50503 SET character_set_client = utf8mb4 */;
CREATE TABLE `accounts_account` (
  `id` bigint NOT NULL AUTO_INCREMENT,
  `password` varchar(128) NOT NULL,
  `name` varchar(100) NOT NULL,
  `username` varchar(30) NOT NULL,
  `email` varchar(100) NOT NULL,
  `phone` varchar(50) NOT NULL,
  `address` varchar(500) NOT NULL,
  `birth` date DEFAULT NULL,
  `image` varchar(100) DEFAULT NULL,
  `date_joined` datetime(6) NOT NULL,
  `last_login` datetime(6) NOT NULL,
  `is_admin` tinyint(1) NOT NULL,
  `is_staff` tinyint(1) NOT NULL,
  `is_superuser` tinyint(1) NOT NULL,
  `is_active` tinyint(1) NOT NULL,
  PRIMARY KEY (`id`),
  UNIQUE KEY `username` (`username`),
  UNIQUE KEY `email` (`email`)
) ENGINE=InnoDB AUTO_INCREMENT=3 DEFAULT CHARSET=utf8mb4 COLLATE=utf8mb4_0900_ai_ci;
/*!40101 SET character_set_client = @saved_cs_client */;

--
-- Dumping data for table `accounts_account`
--

LOCK TABLES `accounts_account` WRITE;
/*!40000 ALTER TABLE `accounts_account` DISABLE KEYS */;
INSERT INTO `accounts_account` VALUES (1,'huuan152','huuan152','huuan152','19020201@vnu.edu.vn','0123456789','123 Hồ Gươm',NULL,NULL,'2021-11-12 20:21:45.000000','2021-11-12 20:21:45.000000',0,0,0,0),(2,'trungphan2001','trungphan2001','trungphan2001','19020471@vnu.edu.vn','0987654321','789 Hồ Tây',NULL,NULL,'2021-11-12 20:22:55.000000','2021-11-12 20:22:55.000000',0,0,0,0);
/*!40000 ALTER TABLE `accounts_account` ENABLE KEYS */;
UNLOCK TABLES;

--
-- Table structure for table `auth_group`
--

DROP TABLE IF EXISTS `auth_group`;
/*!40101 SET @saved_cs_client     = @@character_set_client */;
/*!50503 SET character_set_client = utf8mb4 */;
CREATE TABLE `auth_group` (
  `id` int NOT NULL AUTO_INCREMENT,
  `name` varchar(150) NOT NULL,
  PRIMARY KEY (`id`),
  UNIQUE KEY `name` (`name`)
) ENGINE=InnoDB DEFAULT CHARSET=utf8mb4 COLLATE=utf8mb4_0900_ai_ci;
/*!40101 SET character_set_client = @saved_cs_client */;

--
-- Dumping data for table `auth_group`
--

LOCK TABLES `auth_group` WRITE;
/*!40000 ALTER TABLE `auth_group` DISABLE KEYS */;
/*!40000 ALTER TABLE `auth_group` ENABLE KEYS */;
UNLOCK TABLES;

--
-- Table structure for table `auth_group_permissions`
--

DROP TABLE IF EXISTS `auth_group_permissions`;
/*!40101 SET @saved_cs_client     = @@character_set_client */;
/*!50503 SET character_set_client = utf8mb4 */;
CREATE TABLE `auth_group_permissions` (
  `id` bigint NOT NULL AUTO_INCREMENT,
  `group_id` int NOT NULL,
  `permission_id` int NOT NULL,
  PRIMARY KEY (`id`),
  UNIQUE KEY `auth_group_permissions_group_id_permission_id_0cd325b0_uniq` (`group_id`,`permission_id`),
  KEY `auth_group_permissio_permission_id_84c5c92e_fk_auth_perm` (`permission_id`),
  CONSTRAINT `auth_group_permissio_permission_id_84c5c92e_fk_auth_perm` FOREIGN KEY (`permission_id`) REFERENCES `auth_permission` (`id`),
  CONSTRAINT `auth_group_permissions_group_id_b120cbf9_fk_auth_group_id` FOREIGN KEY (`group_id`) REFERENCES `auth_group` (`id`)
) ENGINE=InnoDB DEFAULT CHARSET=utf8mb4 COLLATE=utf8mb4_0900_ai_ci;
/*!40101 SET character_set_client = @saved_cs_client */;

--
-- Dumping data for table `auth_group_permissions`
--

LOCK TABLES `auth_group_permissions` WRITE;
/*!40000 ALTER TABLE `auth_group_permissions` DISABLE KEYS */;
/*!40000 ALTER TABLE `auth_group_permissions` ENABLE KEYS */;
UNLOCK TABLES;

--
-- Table structure for table `auth_permission`
--

DROP TABLE IF EXISTS `auth_permission`;
/*!40101 SET @saved_cs_client     = @@character_set_client */;
/*!50503 SET character_set_client = utf8mb4 */;
CREATE TABLE `auth_permission` (
  `id` int NOT NULL AUTO_INCREMENT,
  `name` varchar(255) NOT NULL,
  `content_type_id` int NOT NULL,
  `codename` varchar(100) NOT NULL,
  PRIMARY KEY (`id`),
  UNIQUE KEY `auth_permission_content_type_id_codename_01ab375a_uniq` (`content_type_id`,`codename`),
  CONSTRAINT `auth_permission_content_type_id_2f476e4b_fk_django_co` FOREIGN KEY (`content_type_id`) REFERENCES `django_content_type` (`id`)
) ENGINE=InnoDB AUTO_INCREMENT=57 DEFAULT CHARSET=utf8mb4 COLLATE=utf8mb4_0900_ai_ci;
/*!40101 SET character_set_client = @saved_cs_client */;

--
-- Dumping data for table `auth_permission`
--

LOCK TABLES `auth_permission` WRITE;
/*!40000 ALTER TABLE `auth_permission` DISABLE KEYS */;
INSERT INTO `auth_permission` VALUES (1,'Can add log entry',1,'add_logentry'),(2,'Can change log entry',1,'change_logentry'),(3,'Can delete log entry',1,'delete_logentry'),(4,'Can view log entry',1,'view_logentry'),(5,'Can add permission',2,'add_permission'),(6,'Can change permission',2,'change_permission'),(7,'Can delete permission',2,'delete_permission'),(8,'Can view permission',2,'view_permission'),(9,'Can add group',3,'add_group'),(10,'Can change group',3,'change_group'),(11,'Can delete group',3,'delete_group'),(12,'Can view group',3,'view_group'),(13,'Can add content type',4,'add_contenttype'),(14,'Can change content type',4,'change_contenttype'),(15,'Can delete content type',4,'delete_contenttype'),(16,'Can view content type',4,'view_contenttype'),(17,'Can add session',5,'add_session'),(18,'Can change session',5,'change_session'),(19,'Can delete session',5,'delete_session'),(20,'Can view session',5,'view_session'),(21,'Can add book',6,'add_book'),(22,'Can change book',6,'change_book'),(23,'Can delete book',6,'delete_book'),(24,'Can view book',6,'view_book'),(25,'Can add book_ inventory',7,'add_book_inventory'),(26,'Can change book_ inventory',7,'change_book_inventory'),(27,'Can delete book_ inventory',7,'delete_book_inventory'),(28,'Can view book_ inventory',7,'view_book_inventory'),(29,'Can add book_ image',8,'add_book_image'),(30,'Can change book_ image',8,'change_book_image'),(31,'Can delete book_ image',8,'delete_book_image'),(32,'Can view book_ image',8,'view_book_image'),(33,'Can add account',9,'add_account'),(34,'Can change account',9,'change_account'),(35,'Can delete account',9,'delete_account'),(36,'Can view account',9,'view_account'),(37,'Can add cart item',10,'add_cartitem'),(38,'Can change cart item',10,'change_cartitem'),(39,'Can delete cart item',10,'delete_cartitem'),(40,'Can view cart item',10,'view_cartitem'),(41,'Can add cart',11,'add_cart'),(42,'Can change cart',11,'change_cart'),(43,'Can delete cart',11,'delete_cart'),(44,'Can view cart',11,'view_cart'),(45,'Can add order',12,'add_order'),(46,'Can change order',12,'change_order'),(47,'Can delete order',12,'delete_order'),(48,'Can view order',12,'view_order'),(49,'Can add order item',13,'add_orderitem'),(50,'Can change order item',13,'change_orderitem'),(51,'Can delete order item',13,'delete_orderitem'),(52,'Can view order item',13,'view_orderitem'),(53,'Can add book_ price',14,'add_book_price'),(54,'Can change book_ price',14,'change_book_price'),(55,'Can delete book_ price',14,'delete_book_price'),(56,'Can view book_ price',14,'view_book_price');
/*!40000 ALTER TABLE `auth_permission` ENABLE KEYS */;
UNLOCK TABLES;

--
-- Table structure for table `django_admin_log`
--

DROP TABLE IF EXISTS `django_admin_log`;
/*!40101 SET @saved_cs_client     = @@character_set_client */;
/*!50503 SET character_set_client = utf8mb4 */;
CREATE TABLE `django_admin_log` (
  `id` int NOT NULL AUTO_INCREMENT,
  `action_time` datetime(6) NOT NULL,
  `object_id` longtext,
  `object_repr` varchar(200) NOT NULL,
  `action_flag` smallint unsigned NOT NULL,
  `change_message` longtext NOT NULL,
  `content_type_id` int DEFAULT NULL,
  `user_id` bigint NOT NULL,
  PRIMARY KEY (`id`),
  KEY `django_admin_log_content_type_id_c4bce8eb_fk_django_co` (`content_type_id`),
  KEY `django_admin_log_user_id_c564eba6_fk_accounts_account_id` (`user_id`),
  CONSTRAINT `django_admin_log_content_type_id_c4bce8eb_fk_django_co` FOREIGN KEY (`content_type_id`) REFERENCES `django_content_type` (`id`),
  CONSTRAINT `django_admin_log_user_id_c564eba6_fk_accounts_account_id` FOREIGN KEY (`user_id`) REFERENCES `accounts_account` (`id`),
  CONSTRAINT `django_admin_log_chk_1` CHECK ((`action_flag` >= 0))
) ENGINE=InnoDB DEFAULT CHARSET=utf8mb4 COLLATE=utf8mb4_0900_ai_ci;
/*!40101 SET character_set_client = @saved_cs_client */;

--
-- Dumping data for table `django_admin_log`
--

LOCK TABLES `django_admin_log` WRITE;
/*!40000 ALTER TABLE `django_admin_log` DISABLE KEYS */;
/*!40000 ALTER TABLE `django_admin_log` ENABLE KEYS */;
UNLOCK TABLES;

--
-- Table structure for table `django_content_type`
--

DROP TABLE IF EXISTS `django_content_type`;
/*!40101 SET @saved_cs_client     = @@character_set_client */;
/*!50503 SET character_set_client = utf8mb4 */;
CREATE TABLE `django_content_type` (
  `id` int NOT NULL AUTO_INCREMENT,
  `app_label` varchar(100) NOT NULL,
  `model` varchar(100) NOT NULL,
  PRIMARY KEY (`id`),
  UNIQUE KEY `django_content_type_app_label_model_76bd3d3b_uniq` (`app_label`,`model`)
) ENGINE=InnoDB AUTO_INCREMENT=15 DEFAULT CHARSET=utf8mb4 COLLATE=utf8mb4_0900_ai_ci;
/*!40101 SET character_set_client = @saved_cs_client */;

--
-- Dumping data for table `django_content_type`
--

LOCK TABLES `django_content_type` WRITE;
/*!40000 ALTER TABLE `django_content_type` DISABLE KEYS */;
INSERT INTO `django_content_type` VALUES (9,'accounts','account'),(1,'admin','logentry'),(3,'auth','group'),(2,'auth','permission'),(4,'contenttypes','contenttype'),(5,'sessions','session'),(6,'store','book'),(8,'store','book_image'),(7,'store','book_inventory'),(14,'store','book_price'),(11,'store','cart'),(10,'store','cartitem'),(12,'store','order'),(13,'store','orderitem');
/*!40000 ALTER TABLE `django_content_type` ENABLE KEYS */;
UNLOCK TABLES;

--
-- Table structure for table `django_migrations`
--

DROP TABLE IF EXISTS `django_migrations`;
/*!40101 SET @saved_cs_client     = @@character_set_client */;
/*!50503 SET character_set_client = utf8mb4 */;
CREATE TABLE `django_migrations` (
  `id` bigint NOT NULL AUTO_INCREMENT,
  `app` varchar(255) NOT NULL,
  `name` varchar(255) NOT NULL,
  `applied` datetime(6) NOT NULL,
  PRIMARY KEY (`id`)
) ENGINE=InnoDB AUTO_INCREMENT=42 DEFAULT CHARSET=utf8mb4 COLLATE=utf8mb4_0900_ai_ci;
/*!40101 SET character_set_client = @saved_cs_client */;

--
-- Dumping data for table `django_migrations`
--

LOCK TABLES `django_migrations` WRITE;
/*!40000 ALTER TABLE `django_migrations` DISABLE KEYS */;
INSERT INTO `django_migrations` VALUES (1,'accounts','0001_initial','2021-11-08 09:30:47.717804'),(2,'accounts','0002_alter_account_birth','2021-11-08 09:30:47.808789'),(3,'accounts','0003_alter_account_image','2021-11-08 09:30:47.816829'),(4,'accounts','0004_alter_account_image','2021-11-08 09:30:47.823640'),(5,'accounts','0005_alter_account_image','2021-11-08 09:30:47.838797'),(6,'accounts','0006_alter_account_image','2021-11-08 09:30:47.852962'),(7,'accounts','0007_alter_account_birth','2021-11-08 09:30:47.866113'),(8,'contenttypes','0001_initial','2021-11-08 09:30:48.069242'),(9,'admin','0001_initial','2021-11-08 09:30:48.265842'),(10,'admin','0002_logentry_remove_auto_add','2021-11-08 09:30:48.281356'),(11,'admin','0003_logentry_add_action_flag_choices','2021-11-08 09:30:48.295664'),(12,'contenttypes','0002_remove_content_type_name','2021-11-08 09:30:48.399940'),(13,'auth','0001_initial','2021-11-08 09:30:48.608997'),(14,'auth','0002_alter_permission_name_max_length','2021-11-08 09:30:48.694962'),(15,'auth','0003_alter_user_email_max_length','2021-11-08 09:30:48.705266'),(16,'auth','0004_alter_user_username_opts','2021-11-08 09:30:48.719700'),(17,'auth','0005_alter_user_last_login_null','2021-11-08 09:30:48.731880'),(18,'auth','0006_require_contenttypes_0002','2021-11-08 09:30:48.740545'),(19,'auth','0007_alter_validators_add_error_messages','2021-11-08 09:30:48.769268'),(20,'auth','0008_alter_user_username_max_length','2021-11-08 09:30:48.800125'),(21,'auth','0009_alter_user_last_name_max_length','2021-11-08 09:30:48.814818'),(22,'auth','0010_alter_group_name_max_length','2021-11-08 09:30:48.887766'),(23,'auth','0011_update_proxy_permissions','2021-11-08 09:30:48.922230'),(24,'auth','0012_alter_user_first_name_max_length','2021-11-08 09:30:48.939429'),(25,'sessions','0001_initial','2021-11-08 09:30:49.001554'),(26,'store','0001_initial','2021-11-08 09:30:49.219819'),(27,'store','0002_alter_book_category','2021-11-08 09:30:49.246322'),(28,'store','0003_book_description','2021-11-08 09:30:49.293467'),(29,'store','0004_auto_20211104_1225','2021-11-08 09:30:49.626377'),(30,'store','0005_auto_20211104_1313','2021-11-08 09:30:49.774948'),(31,'store','0006_auto_20211104_1504','2021-11-08 09:30:49.843525'),(32,'store','0007_alter_book_category','2021-11-08 09:30:49.858796'),(33,'store','0008_book_image_main_image','2021-11-08 09:30:49.904299'),(34,'store','0009_auto_20211104_2022','2021-11-08 09:30:49.936732'),(35,'store','0010_alter_book_inventory_book','2021-11-08 16:41:24.968679'),(36,'store','0011_cart_cartitem','2021-11-08 16:41:25.168519'),(37,'store','0012_cart_total','2021-11-10 16:57:23.129264'),(38,'store','0013_auto_20211110_1423','2021-11-10 16:57:23.731587'),(39,'store','0014_alter_order_status','2021-11-10 16:57:23.746170'),(40,'store','0015_alter_orderitem_order','2021-11-10 16:57:23.816339'),(41,'store','0016_auto_20211111_1130','2021-11-11 13:07:23.160706');
/*!40000 ALTER TABLE `django_migrations` ENABLE KEYS */;
UNLOCK TABLES;

--
-- Table structure for table `django_session`
--

DROP TABLE IF EXISTS `django_session`;
/*!40101 SET @saved_cs_client     = @@character_set_client */;
/*!50503 SET character_set_client = utf8mb4 */;
CREATE TABLE `django_session` (
  `session_key` varchar(40) NOT NULL,
  `session_data` longtext NOT NULL,
  `expire_date` datetime(6) NOT NULL,
  PRIMARY KEY (`session_key`),
  KEY `django_session_expire_date_a5c62663` (`expire_date`)
) ENGINE=InnoDB DEFAULT CHARSET=utf8mb4 COLLATE=utf8mb4_0900_ai_ci;
/*!40101 SET character_set_client = @saved_cs_client */;

--
-- Dumping data for table `django_session`
--

LOCK TABLES `django_session` WRITE;
/*!40000 ALTER TABLE `django_session` DISABLE KEYS */;
/*!40000 ALTER TABLE `django_session` ENABLE KEYS */;
UNLOCK TABLES;

--
-- Table structure for table `store_book`
--

DROP TABLE IF EXISTS `store_book`;
/*!40101 SET @saved_cs_client     = @@character_set_client */;
/*!50503 SET character_set_client = utf8mb4 */;
CREATE TABLE `store_book` (
  `id` bigint NOT NULL AUTO_INCREMENT,
  `title` varchar(100) NOT NULL,
  `auth` varchar(100) NOT NULL,
  `category` varchar(100) NOT NULL,
  `publisher` varchar(100) NOT NULL,
  `country` varchar(2) NOT NULL,
  `year_publish` int NOT NULL,
  `created_at` datetime(6) NOT NULL,
  `updated_at` datetime(6) NOT NULL,
  `deleted_at` datetime(6) DEFAULT NULL,
  `description` longtext,
  PRIMARY KEY (`id`)
) ENGINE=InnoDB AUTO_INCREMENT=24 DEFAULT CHARSET=utf8mb4 COLLATE=utf8mb4_0900_ai_ci;
/*!40101 SET character_set_client = @saved_cs_client */;

--
-- Dumping data for table `store_book`
--

LOCK TABLES `store_book` WRITE;
/*!40000 ALTER TABLE `store_book` DISABLE KEYS */;
INSERT INTO `store_book` VALUES (1,'Mắt Biếc','Nguyễn Ngọc Ánh','Văn Học','NXB Trẻ','VN',2019,'2021-11-11 08:50:05.000000','2021-11-11 08:50:05.000000',NULL,NULL),(2,'Tôi Thấy Hoa Vàng Trên Cỏ Xanh','Nguyễn Ngọc Ánh','Văn Học','NXB Trẻ','VN',2010,'2021-11-11 08:51:37.000000','2021-11-11 08:51:37.000000',NULL,NULL),(3,'Làm bạn với bầu trời','Nguyễn Nhật Ánh','Văn học','NXB Trẻ','VN',2019,'2021-11-11 08:53:31.483288','2021-11-11 08:53:31.483514',NULL,'Good'),(4,'Cảm ơn người lớn','Nguyễn Nhật Ánh','Văn học','NXB Trẻ','VN',2018,'2021-11-11 09:00:39.702992','2021-11-11 09:00:39.703100',NULL,'So so'),(5,'Còn Chút Gì Để Nhớ','Nguyễn Nhật Ánh','Văn học','NXB Trẻ','VN',2018,'2021-11-11 09:03:49.485213','2021-11-11 09:03:49.485305',NULL,'Excellent'),(21,'a','a','a','a','a',1,'2021-11-13 09:40:03.948262','2021-11-14 14:10:22.454464',NULL,'a'),(22,'ádbakfqnfqw','a','a','a','v',1,'2021-11-14 14:26:57.219253','2021-11-15 14:42:53.998328','2021-11-15 14:42:53.906826','a'),(23,'aqcr','a1212','Tôn Giáo','ecfêw','AQ',1141,'2021-11-15 13:34:15.268845','2021-11-15 14:42:58.600243','2021-11-15 14:42:58.599683','cqweqwễ');
/*!40000 ALTER TABLE `store_book` ENABLE KEYS */;
UNLOCK TABLES;

--
-- Table structure for table `store_book_image`
--

DROP TABLE IF EXISTS `store_book_image`;
/*!40101 SET @saved_cs_client     = @@character_set_client */;
/*!50503 SET character_set_client = utf8mb4 */;
CREATE TABLE `store_book_image` (
  `id` bigint NOT NULL AUTO_INCREMENT,
  `path` varchar(100) NOT NULL,
  `book_id` bigint NOT NULL,
  `main_image` tinyint(1) NOT NULL,
  PRIMARY KEY (`id`),
  KEY `store_book_image_book_id_513893c0_fk_store_book_id` (`book_id`),
  CONSTRAINT `store_book_image_book_id_513893c0_fk_store_book_id` FOREIGN KEY (`book_id`) REFERENCES `store_book` (`id`)
) ENGINE=InnoDB AUTO_INCREMENT=15 DEFAULT CHARSET=utf8mb4 COLLATE=utf8mb4_0900_ai_ci;
/*!40101 SET character_set_client = @saved_cs_client */;

--
-- Dumping data for table `store_book_image`
--

LOCK TABLES `store_book_image` WRITE;
/*!40000 ALTER TABLE `store_book_image` DISABLE KEYS */;
INSERT INTO `store_book_image` VALUES (9,'Screen Shot 2021-11-12 at 17.19.55.png',3,1),(10,'254767779_2095133330633852_2234799603167171032_n.png',3,0),(11,'Screen Shot 2021-11-14 at 20.15.24.png',22,1),(12,'254767779_2095133330633852_2234799603167171032_n.png',22,0),(13,'254767779_2095133330633852_2234799603167171032_n.png',23,1),(14,'254767779_2095133330633852_2234799603167171032_n.png',23,0);
/*!40000 ALTER TABLE `store_book_image` ENABLE KEYS */;
UNLOCK TABLES;

--
-- Table structure for table `store_book_inventory`
--

DROP TABLE IF EXISTS `store_book_inventory`;
/*!40101 SET @saved_cs_client     = @@character_set_client */;
/*!50503 SET character_set_client = utf8mb4 */;
CREATE TABLE `store_book_inventory` (
  `id` bigint NOT NULL AUTO_INCREMENT,
  `quantity` int NOT NULL,
  `created_at` datetime(6) NOT NULL,
  `updated_at` datetime(6) NOT NULL,
  `book_id` bigint NOT NULL,
  PRIMARY KEY (`id`),
  UNIQUE KEY `store_book_inventory_book_id_44c57dd9_uniq` (`book_id`),
  CONSTRAINT `store_book_inventory_book_id_44c57dd9_fk_store_book_id` FOREIGN KEY (`book_id`) REFERENCES `store_book` (`id`)
) ENGINE=InnoDB AUTO_INCREMENT=20 DEFAULT CHARSET=utf8mb4 COLLATE=utf8mb4_0900_ai_ci;
/*!40101 SET character_set_client = @saved_cs_client */;

--
-- Dumping data for table `store_book_inventory`
--

LOCK TABLES `store_book_inventory` WRITE;
/*!40000 ALTER TABLE `store_book_inventory` DISABLE KEYS */;
INSERT INTO `store_book_inventory` VALUES (1,100,'2021-11-11 17:18:46.000000','2021-11-11 17:18:46.000000',1),(2,200,'2021-11-11 17:19:09.000000','2021-11-11 17:19:09.000000',2),(3,300,'2021-11-11 17:19:17.000000','2021-11-11 17:19:17.000000',3),(4,400,'2021-11-11 17:19:36.000000','2021-11-11 17:19:36.000000',4),(5,500,'2021-11-11 17:19:52.000000','2021-11-11 17:19:52.000000',5),(17,1,'2021-11-13 09:40:03.964767','2021-11-13 09:40:03.964890',21),(18,1,'2021-11-14 14:26:57.239591','2021-11-15 13:00:06.311879',22),(19,122323,'2021-11-15 13:34:15.290001','2021-11-15 14:31:43.878837',23);
/*!40000 ALTER TABLE `store_book_inventory` ENABLE KEYS */;
UNLOCK TABLES;

--
-- Table structure for table `store_book_price`
--

DROP TABLE IF EXISTS `store_book_price`;
/*!40101 SET @saved_cs_client     = @@character_set_client */;
/*!50503 SET character_set_client = utf8mb4 */;
CREATE TABLE `store_book_price` (
  `id` bigint NOT NULL AUTO_INCREMENT,
  `price` int NOT NULL,
  `created_at` datetime(6) NOT NULL,
  `updated_at` datetime(6) NOT NULL,
  `book_id` bigint NOT NULL,
  PRIMARY KEY (`id`),
  UNIQUE KEY `book_id` (`book_id`),
  CONSTRAINT `store_book_price_book_id_e7cc0462_fk_store_book_id` FOREIGN KEY (`book_id`) REFERENCES `store_book` (`id`)
) ENGINE=InnoDB AUTO_INCREMENT=17 DEFAULT CHARSET=utf8mb4 COLLATE=utf8mb4_0900_ai_ci;
/*!40101 SET character_set_client = @saved_cs_client */;

--
-- Dumping data for table `store_book_price`
--

LOCK TABLES `store_book_price` WRITE;
/*!40000 ALTER TABLE `store_book_price` DISABLE KEYS */;
INSERT INTO `store_book_price` VALUES (1,100000,'2021-11-12 20:06:56.000000','2021-11-12 20:06:56.000000',1),(2,200000,'2021-11-12 20:07:09.000000','2021-11-12 20:07:09.000000',2),(3,300000,'2021-11-12 20:07:18.000000','2021-11-12 20:07:18.000000',3),(4,400000,'2021-11-12 20:07:25.000000','2021-11-12 20:07:25.000000',4),(5,500000,'2021-11-12 20:07:31.000000','2021-11-12 20:07:31.000000',5),(14,1,'2021-11-13 09:40:03.956457','2021-11-13 09:40:03.956499',21),(15,1,'2021-11-14 14:26:57.232260','2021-11-15 13:00:06.308283',22),(16,1231231,'2021-11-15 13:34:15.281462','2021-11-15 14:31:43.873230',23);
/*!40000 ALTER TABLE `store_book_price` ENABLE KEYS */;
UNLOCK TABLES;

--
-- Table structure for table `store_cart`
--

DROP TABLE IF EXISTS `store_cart`;
/*!40101 SET @saved_cs_client     = @@character_set_client */;
/*!50503 SET character_set_client = utf8mb4 */;
CREATE TABLE `store_cart` (
  `id` bigint NOT NULL AUTO_INCREMENT,
  `created_at` datetime(6) NOT NULL,
  `user_id` bigint NOT NULL,
  `total` int NOT NULL,
  PRIMARY KEY (`id`),
  UNIQUE KEY `user_id` (`user_id`),
  CONSTRAINT `store_cart_user_id_99e99107_fk_accounts_account_id` FOREIGN KEY (`user_id`) REFERENCES `accounts_account` (`id`)
) ENGINE=InnoDB DEFAULT CHARSET=utf8mb4 COLLATE=utf8mb4_0900_ai_ci;
/*!40101 SET character_set_client = @saved_cs_client */;

--
-- Dumping data for table `store_cart`
--

LOCK TABLES `store_cart` WRITE;
/*!40000 ALTER TABLE `store_cart` DISABLE KEYS */;
/*!40000 ALTER TABLE `store_cart` ENABLE KEYS */;
UNLOCK TABLES;

--
-- Table structure for table `store_cartitem`
--

DROP TABLE IF EXISTS `store_cartitem`;
/*!40101 SET @saved_cs_client     = @@character_set_client */;
/*!50503 SET character_set_client = utf8mb4 */;
CREATE TABLE `store_cartitem` (
  `id` bigint NOT NULL AUTO_INCREMENT,
  `quantity` int NOT NULL,
  `book_id` bigint NOT NULL,
  `cart_session_id` bigint NOT NULL,
  PRIMARY KEY (`id`),
  KEY `store_cartitem_book_id_9e07efda_fk_store_book_id` (`book_id`),
  KEY `store_cartitem_cart_session_id_e64b289e_fk_store_cart_id` (`cart_session_id`),
  CONSTRAINT `store_cartitem_book_id_9e07efda_fk_store_book_id` FOREIGN KEY (`book_id`) REFERENCES `store_book` (`id`),
  CONSTRAINT `store_cartitem_cart_session_id_e64b289e_fk_store_cart_id` FOREIGN KEY (`cart_session_id`) REFERENCES `store_cart` (`id`)
) ENGINE=InnoDB DEFAULT CHARSET=utf8mb4 COLLATE=utf8mb4_0900_ai_ci;
/*!40101 SET character_set_client = @saved_cs_client */;

--
-- Dumping data for table `store_cartitem`
--

LOCK TABLES `store_cartitem` WRITE;
/*!40000 ALTER TABLE `store_cartitem` DISABLE KEYS */;
/*!40000 ALTER TABLE `store_cartitem` ENABLE KEYS */;
UNLOCK TABLES;

--
-- Table structure for table `store_order`
--

DROP TABLE IF EXISTS `store_order`;
/*!40101 SET @saved_cs_client     = @@character_set_client */;
/*!50503 SET character_set_client = utf8mb4 */;
CREATE TABLE `store_order` (
  `id` bigint NOT NULL AUTO_INCREMENT,
  `address` varchar(500) NOT NULL,
  `total` int NOT NULL,
  `status` varchar(100) NOT NULL,
  `created_at` datetime(6) NOT NULL,
  `updated_at` datetime(6) NOT NULL,
  `deleted_at` datetime(6) DEFAULT NULL,
  `user_id` bigint NOT NULL,
  PRIMARY KEY (`id`),
  KEY `store_order_user_id_ae5f7a5f_fk_accounts_account_id` (`user_id`),
  CONSTRAINT `store_order_user_id_ae5f7a5f_fk_accounts_account_id` FOREIGN KEY (`user_id`) REFERENCES `accounts_account` (`id`)
) ENGINE=InnoDB AUTO_INCREMENT=5 DEFAULT CHARSET=utf8mb4 COLLATE=utf8mb4_0900_ai_ci;
/*!40101 SET character_set_client = @saved_cs_client */;

--
-- Dumping data for table `store_order`
--

LOCK TABLES `store_order` WRITE;
/*!40000 ALTER TABLE `store_order` DISABLE KEYS */;
INSERT INTO `store_order` VALUES (1,'aaa',100,'Đã hủy','2021-11-13 21:44:28.000000','2021-11-15 09:11:28.197304',NULL,1),(2,'bbb',100,'Đang vận chuyển','2021-11-13 21:44:51.000000','2021-11-15 09:11:30.058556',NULL,2),(3,'bbb',100,'Chờ xử lý','2021-11-13 21:45:03.000000','2021-11-15 09:11:32.351993',NULL,2),(4,'bcefbb',400,'Hoàn thành','2021-11-13 21:45:17.000000','2021-11-15 09:11:39.205983',NULL,1);
/*!40000 ALTER TABLE `store_order` ENABLE KEYS */;
UNLOCK TABLES;

--
-- Table structure for table `store_orderitem`
--

DROP TABLE IF EXISTS `store_orderitem`;
/*!40101 SET @saved_cs_client     = @@character_set_client */;
/*!50503 SET character_set_client = utf8mb4 */;
CREATE TABLE `store_orderitem` (
  `id` bigint NOT NULL AUTO_INCREMENT,
  `quantity` int NOT NULL,
  `price` int NOT NULL,
  `book_id` bigint NOT NULL,
  `order_id` bigint NOT NULL,
  PRIMARY KEY (`id`),
  KEY `store_orderitem_book_id_290bb879_fk_store_book_id` (`book_id`),
  KEY `store_orderitem_order_id_acf8722d_fk_store_order_id` (`order_id`),
  CONSTRAINT `store_orderitem_book_id_290bb879_fk_store_book_id` FOREIGN KEY (`book_id`) REFERENCES `store_book` (`id`),
  CONSTRAINT `store_orderitem_order_id_acf8722d_fk_store_order_id` FOREIGN KEY (`order_id`) REFERENCES `store_order` (`id`)
) ENGINE=InnoDB AUTO_INCREMENT=9 DEFAULT CHARSET=utf8mb4 COLLATE=utf8mb4_0900_ai_ci;
/*!40101 SET character_set_client = @saved_cs_client */;

--
-- Dumping data for table `store_orderitem`
--

LOCK TABLES `store_orderitem` WRITE;
/*!40000 ALTER TABLE `store_orderitem` DISABLE KEYS */;
INSERT INTO `store_orderitem` VALUES (1,20,200,2,1),(2,30,500,4,1),(3,10,100,1,2),(4,40,324,5,2),(5,20,234,5,3),(6,50,245,1,3),(7,10,233,2,4),(8,60,111,1,4);
/*!40000 ALTER TABLE `store_orderitem` ENABLE KEYS */;
UNLOCK TABLES;
/*!40103 SET TIME_ZONE=@OLD_TIME_ZONE */;

/*!40101 SET SQL_MODE=@OLD_SQL_MODE */;
/*!40014 SET FOREIGN_KEY_CHECKS=@OLD_FOREIGN_KEY_CHECKS */;
/*!40014 SET UNIQUE_CHECKS=@OLD_UNIQUE_CHECKS */;
/*!40101 SET CHARACTER_SET_CLIENT=@OLD_CHARACTER_SET_CLIENT */;
/*!40101 SET CHARACTER_SET_RESULTS=@OLD_CHARACTER_SET_RESULTS */;
/*!40101 SET COLLATION_CONNECTION=@OLD_COLLATION_CONNECTION */;
/*!40111 SET SQL_NOTES=@OLD_SQL_NOTES */;

-- Dump completed on 2021-11-15 21:46:37
